"","PC1","PC2","PC3","PC4","PC5","PC6","PC7","PC8","PC9","PC10","PC11","PC12","PC13","PC14","PC15"
"P1",0.101393665194371,-0.0979549899009121,-0.0125247449385262,0.187774083191886,-0.0877649678417255,0.108556253841897,-0.122341097818899,0.00370938416951736,-0.104288700100049,0.0372752264781785,-0.167278430930278,0.331908615154222,-0.262223948431847,0.339814685524545,0.0338189621023133
"P2",0.0091976065249546,0.0736099548830177,-0.0641950958260032,0.162852771800733,-0.0178752293234867,-0.224682853366023,0.241222786943389,-0.0322395571669941,-0.12055423844152,0.0594617615730126,0.327314146683752,-0.442607514539829,-0.375761815224748,0.267995594787579,-0.0482863543265369
"P3",0.0253141226676986,0.0682275233728274,0.365956765282738,0.133526459368217,0.296462517447559,0.121718405778217,-0.156087234818057,-0.113813966392102,-0.180674721047907,0.101826321127177,-0.0404822378250635,0.154913974161328,-0.046849042436304,-0.133714284549237,0.0153926879364358
"P3A",0.0414771000080107,0.0228726454807237,0.32648072338099,0.215518089733786,0.328359562671106,0.0523723656931138,-0.181992051479328,0.0990293923110027,0.0291647854923431,0.0387593675041206,0.105881632468558,-0.0273352348410574,-0.0335659535033861,-0.0789952355517835,-0.027267526310581
"P5_1",0.136418980235329,0.102885766507032,-0.00526134831250479,-0.0431018549895952,0.027968806973588,-0.0386571784053166,-0.400627281966909,-0.0836573967514921,-0.0219470797605355,-0.244565716976875,0.0457825960143859,-0.00808713057743018,-0.0530182621711967,0.104694498957721,0.0579330019294832
"P5_2",0.185716487188627,0.147621423839731,-0.0405333671965347,-0.152611913588992,-0.0297783608825054,-0.032179841853702,-0.160685406520789,-0.0216025101726108,0.0819660746107295,-0.0440355540523931,-0.0327295571042312,0.0397685324868182,0.0365732853379252,0.107322911900639,0.0396829888440957
"P5_3",0.182809184101001,0.136008802221807,0.013436774189007,-0.0572461500887201,0.0306116409571495,-0.0243388606217611,-0.112875148240216,0.0356358617598944,0.0263534977418265,-0.0973306476240767,-0.0252429807788888,-0.0311803403124914,-0.207192682940789,-0.0760874481623426,0.115699334073413
"P5_4",0.166870715677727,0.149136747255375,-0.0707365770208876,-0.0996758833627532,0.0441800597801423,-0.0278331191325998,-0.0793527052087875,0.12873502174864,0.00496694440869493,-0.0211001579453237,-0.183088030967563,-0.090787957061272,-0.110291707780961,0.0487167637440619,0.0830316754211703
"P6_1",0.156049801492643,0.0231297338408406,-0.177554736428464,0.281419122068581,-0.00798277141392484,0.0145701922905491,0.0502514555405489,-0.00409678961769255,-0.0797227843123928,0.0364937665042696,-0.11786834328206,-0.00880631122239346,0.236453698629181,-0.0798777327779069,-0.0527384838217603
"P6_2",0.128432070976864,0.145934600228417,-0.0576282182210759,0.217560043771885,-0.0198994432268644,0.0627078869554073,0.216034823031179,-0.0960987563507951,0.026140860817083,0.0187601284210791,-0.155468351280228,-0.14973198754669,-0.169935711373128,-0.0110689765786604,-0.132124296412378
"P6_3",0.150111086906568,0.156363408614957,-0.0451590866493637,0.165716219670664,0.0752383963096066,0.0854661641172956,0.118376486319784,0.0138622694112537,0.130677313153881,-0.0829465071146031,-0.323815250855242,0.00311239961936625,0.108471820790645,-0.0655961643842743,-0.0930728816320661
"P6_4",0.177126850598184,0.0761295380319203,-0.114589723686546,0.214224331273063,0.00745167941137287,0.0332411989554887,0.116358748031692,-0.100090892754063,0.0252032043446028,-0.133708542620834,-0.156164393033146,0.0918333200377812,0.0606911257046297,-0.0458979218952689,0.04962770787966
"P6_5",0.178941440773327,0.043611799017238,-0.0711085543114298,0.186078080809256,0.00492814152694193,-0.0159690519340686,0.148098774008591,-0.148837132773718,-0.134664069189843,-0.0925665076898812,-0.100168157214283,0.105948565801595,-0.148192769083488,-0.0354009756648683,0.0754269195326546
"P6_6",0.144140663385432,0.0770752809495043,0.0111021676309235,-0.0241743663008509,-0.0944501057074464,-0.0967145635632892,0.106085535044756,0.0562156897084601,-0.433254265032368,0.0661758325896869,-0.0380360778855358,0.152501591353965,0.0316087358842173,-0.227494939064773,0.167354275547949
"P6_7",0.158717816861746,0.10527119778502,0.0061312045485909,0.00167533362689831,-0.0554399562803587,-0.0705684709095502,0.141735156491082,0.100257611633871,-0.379440195329979,-0.0214241327953928,0.0154461431388359,0.0190387862574777,-0.0952748750684341,-0.191443856609975,0.208688676481812
"P7",0.0972244085508104,-0.147159224579787,0.00938670557784372,0.0279908578366363,-0.0447703933027222,0.10784784705086,-0.056895960701417,0.318905227302652,0.143029892468352,-0.202746795805068,0.0615133475294662,-0.146213239321688,-0.0467945864127394,0.290847992448337,0.222218978248425
"P8",0.111988083158278,-0.159071828895047,0.0175665290746809,0.114236707100373,-0.126920164575635,0.266239451158931,0.0798534387147225,0.0599616566500209,0.0841365937783057,-0.0555632046772392,0.185038211336249,0.00986451526593693,-0.197498359844285,-0.10095271260996,0.188874910516884
"P9",-0.0215471636904446,-0.0807961574320357,-0.382329463941136,-0.112147290507805,-0.206277566781931,-0.286292026580582,0.138487349758212,0.01408349234905,0.101979436131793,-0.0465008195864267,-0.0125235005971575,0.122811525504022,0.0824597511753247,-0.0663302225663706,0.0990009956567129
"P10",0.169518399990727,0.0760868275687418,0.0133015522391171,0.0592257245720321,0.0831417257533194,0.051872350198472,0.053033158905998,0.110282035886769,0.125918219998123,0.0969474618714806,-0.10823176032975,-0.293765356481113,0.0390610990307858,-0.105320498671232,-0.0502929766087578
"P11_1",0.20196793845328,0.12272094395299,-0.0189483027676083,-0.0727171099130444,-0.0312125947238788,0.0782007543880564,-0.0182863755336279,0.000889244560573599,0.0581891722329011,-0.0451565437869648,0.0188823396996341,0.0306471999793368,0.142740009824042,0.0858256397799136,0.00333141529677336
"P11_2",0.187316483653937,0.158629682049554,-0.101043290662764,-0.0676184022733483,-0.0604984814618958,0.0259091657816921,-0.0197219197715906,-0.0966212594288558,0.0189837430207609,-0.0794335633553884,0.0949080784702744,0.000987107119683237,0.171817818280769,0.0614401374438458,0.0227642530196749
"P11_3",0.191152555262096,0.0620382170881076,-0.085318724093359,0.00817538560786383,0.0435900487522945,0.138011255584702,0.0627219419373907,0.0387638205800247,0.125109872469871,0.000905136977357196,0.0535738696367264,0.0464505342164652,-0.0196316817909649,-0.0149875146292046,-0.00626982729984334
"P11_4",0.149435645879935,0.0906393334367922,0.030431713974642,-0.136849034354819,-0.0804889809217791,-0.044544482118309,-0.00202474997546389,-0.000508145785022437,-0.162361097467432,0.372931782628382,0.28022015273214,0.0720229443987768,-0.0114143036614762,-0.08647756550181,0.0697072312807512
"P11_5",0.180244184218125,0.089391474782761,-0.0271253676795477,-0.186395030111008,0.0138490752539681,0.0617784502580905,-0.0356381409979997,0.111240220382608,0.0600578579553314,0.0420096394241942,0.0877256243215658,0.0378498658800503,0.0983801616785584,0.0471392308466007,-0.0769457890057455
"P11_6",0.153571384198246,0.13995011489326,-0.00338545803324844,-0.0855174724428127,0.00631528673190748,-0.151041449613906,-0.122933490136452,0.0189176082464301,0.0282663574318963,0.271674705792287,0.137584279256035,0.114713444596022,-0.109176561038683,0.086994439664706,-0.22661479624315
"P11_7",0.204812454132011,0.161733419646291,-0.0578446744965285,-0.0675455046311279,0.0238078401182691,-0.0029663145244826,-0.0320745394543437,0.0439384180012916,0.0922382040455781,-0.0627835321911316,0.0735661560007823,0.0315153053409613,-0.0288692915843798,0.0814884467059504,-0.143440396992444
"P11_8",0.197690286261046,0.147886948153144,-0.130470131275134,-0.00223160090222987,0.0600168907915626,-0.00876335560298351,-0.0434315309765369,0.0888486078676916,0.0247315820568792,0.0535686105971235,0.0770106055866733,0.0453838495299275,-0.0505586789567984,0.0958469640271446,-0.0888545437587052
"P11_9",0.20226112030844,0.128154247088267,-0.0778133440945432,-0.0311250170431643,0.0300366417300222,0.016156125435434,-0.0760906610930142,0.0381764826017888,0.0249003931377315,0.0677825799809688,0.0462172249164141,0.117532569473629,-0.0686687615828528,0.0355854920671421,-0.0900815806508278
"P12_1",0.130064977222238,-0.263898409702548,-0.0612852799706349,0.132346742571216,-0.0792755175345567,0.110554231643836,0.0569531363707101,0.0944380224868998,-0.000571366399934398,0.121739517861211,-0.00621111721645305,0.0740698428490511,-0.0327278727487517,0.0658617762634617,0.176990966728512
"P12_2",0.131230760950874,-0.192537793885494,-0.0457344873643832,0.0471392619457989,-0.103518420233086,0.165678777003238,0.0241793674053438,0.126017183326232,-0.0475934036991861,0.149402949325061,0.140635252148443,-0.00770791039187118,0.078877410750823,-0.100892709322229,-0.106714019889847
"P12_3",0.153413249249445,-0.231555426322139,0.000895009290412366,0.0307849598407161,0.0705982561778401,-0.273329841708047,-0.0132409464832628,-0.0858460580870987,0.0986938280346111,0.0322348066470039,-0.113791060092574,0.136121246588389,0.00750736138291864,-0.0565203068614164,-0.0283318690758776
"P12_4",0.147703620390536,-0.232965006246632,0.0484668990987197,0.0375448347445809,0.0901162601846576,-0.210667492040616,0.0275311373238892,-0.0924616672835137,0.082619979974921,0.10136232145492,-0.0728832082387056,0.0463633765035907,0.0157144759057351,0.127803478818343,-0.111655580551781
"P12_5",0.139098127467513,-0.215219737052195,0.038593571733573,0.0816541041201902,-0.0448332306438078,-0.129257075270612,-0.204821994004348,-0.102690313878328,-0.165134587150582,0.110760051826829,-0.170961667821089,-0.104864645733868,0.0153697820340646,0.215392333938754,-0.0608541339313667
"P12_6",0.117574703225195,-0.25569544387619,0.0443452824455622,-0.0462952475430398,0.0526957927077378,-0.206442220908628,-0.0218169349012959,0.0609019263951433,0.135896809778664,0.13604008314365,-0.0626601179390407,0.180410041209985,-0.109174552374306,0.0511416073826705,-0.0461154659055032
"P12_7",0.153815411575886,-0.198687576740858,0.0487862898811103,0.0770015965931859,-0.171889090164989,0.238599372771484,0.0307846036973521,0.11029748712516,0.00421657633045472,0.0679284033189306,0.0785929117748523,0.0436271868818028,0.000608642575874566,-0.0490761941182548,-0.120168920025769
"P12_8",0.112333900636722,-0.239965059605985,-0.000485982430354715,-0.0674200170059039,-0.201575146284605,0.189222377784477,-0.113861065272482,0.106848837145969,0.0855570951348778,-0.101758095366651,0.0873609606985498,0.00955669394887182,-0.199704719367627,-0.250219925301793,-0.105579498810299
"P12_9",0.109709877081334,-0.21893499494761,-0.0618224079321318,-0.0654191781507533,0.028198108915305,-0.27225151746378,-0.0860137082015732,-0.112386306062189,-0.0464827570434867,-0.00261181243593538,-0.011632162488721,-0.00200448683801805,0.08386911696145,-0.115216922609005,-0.081333603443284
"P12_10",0.123275514565776,-0.0934523493640383,0.0963730847353997,-0.343316884928697,0.239896505650368,0.106728976599668,0.307926050473914,-0.0165769310763089,-0.0352292797886978,-0.132391638802156,-0.069958617854781,-0.0157180452277337,-0.0133296228197685,0.0573406846028475,-0.0673769011001894
"P12_11",0.122763962951651,-0.0988023012475822,0.127582297432304,-0.317096844968669,0.218816180739766,0.139255676506688,0.317462704291477,-0.0527194339939801,-0.142091397824275,-0.150741146303903,-0.0332338401132403,0.0415077653115933,0.0207134335727892,0.112099132541123,-0.0662928725626777
"P12_12",0.120005076391562,-0.184331616205982,0.0891126062552384,-0.191705264021385,0.117687350075105,-0.0628977197483059,0.113787195817564,-0.309800972395943,0.0105563687353322,-0.129357758285327,-0.0520918109916691,-0.0734455008921983,-0.246193961503849,0.0382469577253808,0.0824683421812965
"P12_13",0.160428754954452,-0.119268905368558,-0.00948076841580485,-0.204546452711055,0.0620007408489727,0.13857322614513,0.077351015946783,-0.0533410832412425,-0.0578033162171722,0.199085726494812,0.086100030265356,-0.134910953309945,0.13598004139812,-0.0325868395816643,-0.00542319023138914
"P12_14",0.144786953163068,-0.126892834480967,-0.00918910719049442,0.00632285846690868,-0.0529720690329473,0.00569387881999681,-0.144823111753921,-0.120698030478701,-0.036669468715127,-0.00624107822069611,0.00543601208649089,-0.313453184509536,0.191678366532224,-0.217876678821425,-0.130506954039128
"P12_15",0.138995116561318,-0.196385727709452,0.00488346007706474,-0.00446567871147729,-0.0763748771752062,0.0711924373153939,-0.216642431794039,-0.0809241084328461,-0.134642346657266,-0.253733901687564,-0.0656050869839535,-0.253078662019434,0.0988206139503932,-0.0538734609267058,-0.0406680204594544
"P13_dolores",0.109322412564343,0.0301213473074801,-0.00162346281865555,-0.00785550001233042,0.0312938850958931,-0.150905128696948,-0.157905395941565,-0.218518349011698,0.103577858809092,-0.261355845447313,0.265089091020779,0.0181841732827164,-0.0742736623006438,-0.256083983667181,0.326760239436339
"P14A",0.14553794288067,0.0109622637076627,0.100751354001084,0.176183349087532,0.0951079093530546,-0.0898760123079829,0.0715004247080484,-0.066295287952098,0.0943131775956106,0.0614302200345154,0.257640458671332,-0.095270236888534,0.33635801778649,0.127026029513761,0.0404256738435051
"P14B",0.104311658598793,-0.106195913769442,0.0442924872142799,0.235091617899927,0.219374786580788,-0.155427307615021,0.10260406791329,0.0792372773572184,0.0425033221861451,0.052066033855028,0.0694054955979104,-0.0958814828058177,0.181483468499323,0.109383640722157,0.374090592625762
"P16A",0.020970207310529,0.0370236368078496,0.0872308769581526,0.141585510532951,-0.278199710917441,0.0883945027679405,0.0270029020289161,-0.456345989704099,-0.101170124836,-0.102746222767032,0.176422682083588,0.0144815059855086,-0.0317301242670111,0.0807934247396872,-0.29811783714484
"P16B",0.0194025240633851,0.0499496276889546,0.0516242069912237,0.0133109745627559,-0.0175242618178734,0.137216967667263,0.130074323557962,-0.384871723949882,0.492114297702099,0.233327321090083,0.054879681092758,0.126489892468046,-0.0693371243867255,-0.130084895685938,0.19589794907023
"P18",0.0124991022152386,-0.0560111702775762,-0.0841731955661202,0.177617549338068,0.237351249061819,-0.209648960367141,0.102124160293616,0.244795154534173,0.10410658633644,-0.261486695761617,0.183287391098869,0.122617012982064,-0.176004547256435,-0.303398910901622,-0.393718971283498
"P26",0.0645798210897801,0.0251731018866368,0.347064816343214,0.0178328417046059,-0.174729884790521,-0.195792041143236,0.108817683871763,0.181737159267953,0.0359995239810381,-0.169238391857978,0.153351438380037,0.181026715699,0.145864090656553,0.0299358363759262,-0.0114368525762348
"P27",0.0658290779339357,0.0768267212443426,0.353925725362426,-0.0450266886717406,-0.25423828435468,-0.200003443252722,0.134664889978758,0.131396608392226,0.157135094536638,-0.0282815155275689,-0.152908159104214,-0.0969040967498214,-0.0387825654173152,-0.066892040176098,-0.00513527296294471
"P28",0.0616293735586089,0.0736721339860418,0.336523219639879,0.0609953209065061,-0.314824690463422,-0.0557110729416668,0.140825661715571,-0.0100437835188278,0.00951635739195818,-0.205872528246954,0.0335025077473772,0.136493009230984,0.180361492589109,0.15920161930914,-0.0646283187054686
"P29",0.0851883170063263,0.0903327284192901,0.24581495178734,-0.0859448491916037,-0.2520370862274,-0.127060088879505,-0.0567650553126716,0.0651433820533558,0.125411778163795,0.215152362407989,-0.303435408639714,-0.244280655116219,-0.170271610090413,-0.171386948298277,0.0404020522860668
