"PC1","PC2","PC3","PC4","PC5","PC6","PC7","PC8","PC9","PC10","PC11","PC12","PC13","PC14","PC15","impacto_salud_mental"
-2.77922271146601,-1.46808305027259,-1.37912524716989,-1.99875132300876,0.449844332230295,-0.820365484792454,-1.82086329673657,0.752719935606477,-0.366379422816371,-0.819155138408933,0.961756986072805,0.458039176613669,-1.77590283319846,-0.259930463303016,0.294301204870149,"Moderada Afectación"
0.345111349577116,2.66539914811773,-1.78430596651146,-3.40328282987604,1.43938494191431,0.230875810953578,-1.22325756342207,0.173932639922828,0.185435219778183,-0.250497367745489,0.89362670153188,0.863627795880046,-0.879780698550615,-0.553911320592522,2.2080465134483,"Baja Afectación"
-2.59950135643838,-2.66930386427636,5.87808593806994,-2.95372511066417,0.276851725387554,-0.954161996693861,3.23832545958611,1.49759429953112,-1.23245096419142,-0.344708682135472,-1.05708026350498,2.37313062231306,0.960377977182595,-1.19018562463306,-1.52912654762154,"Moderada Afectación"
3.20110807334388,0.497055386284961,-1.01880159564417,-2.59580664294037,0.831406100879197,0.45217970268118,-1.66691297136606,1.08756444004226,-1.09154824140699,-0.307987647023927,-0.286911640395347,0.355184947411286,-0.534763419120017,0.123970863536749,1.66891618066995,"Baja Afectación"
2.50091599919846,-2.90615974959852,1.11036864658932,-0.640972595776658,-0.0858531513144174,1.4182735395759,-0.548252572969181,0.274632813834681,-1.05202995686914,0.154796331038084,-1.39538615487396,0.841480012914557,0.323656767514193,1.6889186214746,-1.13391893205613,"Baja Afectación"
1.0319934036401,1.20984813511953,-1.84739580903975,-2.40833997134143,-0.803233856917896,-0.141111350379161,0.627081193633171,-0.720669682304923,0.708081207839857,0.840703682580375,-0.479339171428745,1.22648501194658,1.78724260252584,0.0249966171526962,1.05056062199842,"Baja Afectación"
-5.54579450772774,-1.25940922762134,2.48741025486882,-0.411515119886243,0.886469869146462,-1.82240552900585,1.2477182639141,0.552353278456441,2.58221173497002,0.618452299271628,-0.979471043659081,-1.38063922639415,-0.94836614590556,1.56399607233198,1.39390805124699,"Moderada Afectación"
-2.11849034224984,-3.15953721669733,0.00978981050296968,0.877695664664043,-0.46793316855405,-0.847574922445442,-0.838739722446942,-1.61122942700354,1.70190349862556,0.156998689496073,1.58244303350838,-0.0428509229646046,0.385929129630102,0.0861831088338699,-1.41237026463176,"Moderada Afectación"
0.940285151092339,-1.76954401726153,-0.889520504385448,0.162645770591269,-1.18096318586811,-0.524870701723973,1.74000048892564,-0.422791501436747,0.566745643558485,-0.862803368729397,-1.53917584983506,0.213521041747384,0.331414001096792,2.07396883121343,-0.574317898472611,"Baja Afectación"
-12.10560885753,1.66153391416603,-0.214340602186264,1.49752408831547,2.92808272266912,-1.3199738084958,0.261908581920181,0.014862797456915,-2.39599018642808,0.0663503985824192,1.72621717138672,-1.85530521707974,1.07025458775342,0.0538156608577207,-1.15723449522936,"Alta Afectación"
5.01418001857659,1.7297197203224,0.549408634346831,-0.0707670467080398,2.07593717568897,-1.41560659962136,-1.82334594605109,1.80359702072776,-0.0360745591651611,0.0468508021530047,-1.60880307665721,-0.193626225762544,0.183235951475679,1.26945688488425,0.161695287584699,"Baja Afectación"
2.76539885895078,0.39569322120135,0.216959892850506,0.387663099528066,-0.471798240671035,1.63188262871362,-0.722941453967117,1.31906833177976,-1.72854898007815,1.74521714951862,0.393647768750946,-2.49097682054034,0.906447017468993,-1.2649362222128,-0.936407223270125,"Baja Afectación"
3.19170366697425,-2.60288408663707,-0.336015156751116,0.492602907957163,2.19591665094498,-0.252145952008397,-0.694635755265356,-0.747973140079426,1.64208614737843,-1.03984346592448,0.126733626501731,-0.0630723390659725,-1.07326599741423,0.969809407227489,-1.38257009147198,"Baja Afectación"
-0.539593581425483,-5.1633481479527,0.687470409759685,0.813596415601779,1.69843370585626,-1.31561082931832,-0.716628207602494,-0.890834617153018,-0.084739475845133,2.67167606707038,0.74634557795834,0.141471801978576,-0.597735611671101,0.515810500407728,-0.318259093809172,"Moderada Afectación"
-0.122775210015161,0.959111591645513,-1.49887257045019,1.11690358575967,-0.232383410282201,-1.88334809338005,2.32582704030488,0.690368149909274,0.863201071364635,0.995085031180634,-3.09557058102479,2.30578820008559,-1.19166873015442,-0.0171944999868929,-1.17708947558826,"Moderada Afectación"
-0.328989327073976,0.121742907726362,-0.974740497566984,0.901906366589282,-0.481684492590863,0.334598977896242,0.283737863393358,-0.745883993246593,1.09955925929245,-1.48628976059671,-0.827202739401995,0.374475530059359,0.738445006519347,-1.88088694347182,0.600314875533907,"Moderada Afectación"
5.19042005863866,1.84780353374489,0.569618405673632,1.52333593160587,0.278203345936093,-0.639606593969038,-0.146621046482172,1.48273176646419,0.336146444502752,-0.506997095934959,-0.465640670168134,0.5719922176495,-0.380556842240411,1.20035532038552,0.378616333441759,"Baja Afectación"
1.25774177121171,-0.526874537341476,-0.36182020269143,1.73224171062266,-0.830997174494855,1.63099728494104,0.749992472169226,0.838298095388238,-0.58818887745952,0.0933492342159514,0.500303463761954,-1.87141706150528,0.654582691510163,0.0683359214624112,0.584468912176915,"Baja Afectación"
6.54369953339747,3.44328905658216,0.368078107974821,1.72364199837308,0.225506962879562,-0.229420118181297,0.433904879772402,0.365139531102949,-0.986543912894218,0.537923836177178,0.708389952748786,-0.435995429340818,0.170899122804793,-0.865360652908055,0.851624630816907,"Baja Afectación"
5.26940348468139,1.00375907728465,-0.330503690459818,-0.101900051899161,0.14755292093735,-0.717909894088103,0.928319044170712,0.248892980719448,0.453007774230858,1.26236798945226,0.624968387217264,-0.153760770677733,0.323723321872555,-0.149935682883701,-0.0419367200914181,"Baja Afectación"
2.96261378852539,-0.209572951279897,-0.276010792770508,-1.19043528555422,-0.975933159040775,1.11453825822746,-1.04697450479486,-2.21035861747855,0.643303026977637,2.13917082554691,0.187589874129729,-0.408525075990389,2.09533066359082,0.0895550792827223,0.56965531224663,"Baja Afectación"
5.53110119355295,2.38819295817882,-0.411840976669975,0.257122851397847,0.405766374225705,0.869172659671852,0.253743472538987,0.795123289161057,-0.0255867582068854,0.153011871194466,0.409354460874366,-0.278747918740549,-0.517823610522224,-0.413761321431928,-0.102252291615591,"Baja Afectación"
1.14283594171415,-2.68967310384571,-0.0474164367994119,-0.629592699620857,-0.200909847665513,0.190034352558165,-0.926352255458584,0.163385314765886,1.53293062869414,1.69066789598613,-0.830334955431623,-0.639042022145515,-0.0861735130241515,0.158430514584291,-1.20286186457934,"Moderada Afectación"
4.42165232131615,0.425905052985143,2.41495727141569,0.0287152528248144,0.0914505181250485,-2.09881973870015,0.753301872389468,-2.23071239553027,0.681062409771963,1.80185784421049,1.22146445991081,0.0873218312127086,-0.958884613332965,1.71759826518793,-1.49881199140819,"Baja Afectación"
4.94988138554821,2.32675200874934,1.69381858548391,0.752058242723934,-0.612618504091542,0.606423332418259,-2.24989976813869,0.167587072961689,-0.908764158549662,-0.220943435296316,-1.40414796555497,-2.0690735181562,0.337320943480512,0.753951419541748,-0.330141526929037,"Baja Afectación"
1.79545006575929,-0.36984095258883,-0.202841044623269,-0.474499486931772,-0.291001019601864,1.00254444936414,1.39481733560128,-1.49672321657497,0.279782779233554,-0.187236215193653,0.275474014861429,-1.08438888274328,-0.174806088745041,-0.876748240435136,0.64204337160993,"Baja Afectación"
4.93881271360435,3.74837093989735,-0.157005257336482,2.08854747645291,0.682504520013985,-1.3978969121058,0.718706209602817,1.16177927386521,-1.84252864494109,-0.962359260446426,0.106543476744381,0.906521783554922,-0.195616421547654,-0.345479138503757,-0.160630769635176,"Baja Afectación"
1.88536349167498,-3.043467476942,-0.298579688805014,1.04897763724222,-0.00872208672938428,-2.18777456584007,0.325078110946954,-0.163285272624914,0.184907430724372,0.112772835837873,0.377220831316656,0.561960669707496,0.396429386374426,0.800318389645113,-0.307736408544017,"Baja Afectación"
-0.70603158669209,-2.39374285895481,-0.950570609113398,-0.52077177998797,-2.50196722018701,-0.516926659299308,1.74456803116286,-1.0604970789098,0.161889383117212,0.789465219794823,-1.32825424184173,0.144193142722362,0.500284030518849,1.01729602486616,-0.639112440450366,"Moderada Afectación"
4.73476178897933,0.647206246959402,-0.838560200616479,-1.57323122298047,2.0275884251253,-2.77869583452651,-0.672539029984786,1.10023131823554,-1.30864613400443,-0.990321074899614,-0.0129312503399098,-0.143897358076005,-0.702018886618883,-0.220990966356085,-0.597882043447015,"Baja Afectación"
-0.390085392163258,-0.0431212522386799,-0.64052982318133,-0.646965268227668,-1.70664054422828,-0.44805555675276,0.234213062600481,-0.628654407927043,-0.640093413747494,0.795987880682611,0.731157361211843,-0.0662912856215954,0.171615542613053,0.265957814263925,-0.0870678871192785,"Moderada Afectación"
0.470263655402151,-0.542437050676065,-0.0182859080897214,-0.952352140388675,-0.919805448365099,0.529914483200012,-1.01891173132148,-1.50984104627554,-0.798162303711759,0.0379196158143113,-0.433733906668986,-0.092845902006619,-0.366693257774297,0.984225621632403,0.280215402868893,"Moderada Afectación"
-6.1840349833638,2.29160295817622,-0.299664393413067,2.50474822970071,0.743876723200585,3.04890771243601,-2.97032999641346,0.191529225289803,4.07906001513902,0.353821621584667,-2.02226588273078,1.58302150919085,0.460376461079763,-1.5186059197379,-0.687586013835099,"Moderada Afectación"
-0.063910747462128,-2.78485103195982,0.851176790331006,1.14518056628652,1.09913265446951,-0.869140141653577,-1.13303305138315,-0.860999890560131,0.954522458960335,-1.35339080528413,1.0876798622675,0.171666285663488,-0.0431481552366931,-0.56577600465271,1.17272670104893,"Moderada Afectación"
-5.53868807467359,2.04055599072411,0.17777368479746,1.9671890810941,-3.71688434712652,1.21704050067844,-1.11162742266416,2.67222311650906,0.61640356835716,-0.813895772219932,2.45264666393169,0.448876751552939,-1.02847322323019,1.35424490640915,-0.257330379307224,"Moderada Afectación"
2.25088120662724,-1.15186186203692,-0.467236255260857,0.608417507613464,-0.181591951473791,-0.628864194893697,0.148452508127322,-1.28514099404986,-0.553779424679943,-1.24650049187332,0.087503867828714,-0.395868639646094,0.322663915568118,-1.33955024913254,-0.515926039637601,"Baja Afectación"
-7.40717626303938,1.63933531016757,-0.536250870264705,-1.54586815055723,1.88670655156568,-3.93438842001692,0.197271720142315,2.15368932696797,-0.237574394894902,0.271064130492263,-0.868185439530654,-1.28021330403815,0.447129943784231,-1.12407080049404,0.932394319315765,"Moderada Afectación"
-4.4718982523102,-3.58033694430951,-0.163763268204562,1.39123167730082,0.495795031267951,-1.63017905667793,1.25008938827314,0.720941222343582,-0.405337558149012,0.652130774403024,-1.12328884606374,-2.26609055623688,1.46849528417733,-0.25962382828115,-1.19311249723135,"Moderada Afectación"
0.171156957164041,0.860863668943246,0.991158308877326,-0.859017940654076,-0.572371561551003,1.25694649376762,1.55654550670091,0.606450879015914,1.53527828709674,3.41292568482107,2.99050710475133,-0.137431547429503,-0.277251121446341,0.212479775608637,-0.0457539978449338,"Baja Afectación"
0.866368649306769,-2.70816811084236,1.19374424558525,-1.24633757781909,1.8081711030154,0.626499998747231,-1.56231952645701,-2.04613886092459,-1.17021092693925,-1.94132673842245,-0.429752840889176,-0.000755505464077117,0.698204283727602,-0.277467942826478,-0.416324576466324,"Moderada Afectación"
-5.83524832103034,1.00165395596106,-0.69965836791403,0.392337378801306,-3.75707640484877,-0.285615140830683,1.30108319369897,-0.75823815556655,-1.78878228547329,-1.8619323168408,-1.41187686211284,-1.29944170063849,-0.926148287830743,1.65085797564938,0.900080981847161,"Moderada Afectación"
0.53056358495657,0.536408438303347,3.82078055195353,0.512385470688075,-2.4938811582661,-0.812138449875818,-2.71124550352913,2.01094152675719,-1.72453757749951,-0.433426222186063,0.161932659710879,1.14251462637092,1.71876614807169,-0.947037249429047,0.197740598324914,"Baja Afectación"
1.24264640437101,-2.90334712177032,-0.88023382959495,-0.487619347465731,0.505920906835247,1.67845079127495,1.30371499871169,0.593570539795634,0.907685553485799,1.69548542815556,0.344396023714241,-1.30082800419981,-1.1164025820178,-0.266923840021635,-1.4004323607388,"Baja Afectación"
2.90741866056663,-1.07950648258599,-0.792273719878028,-1.51981962652921,0.517534284021098,0.577416415851294,0.39474259847479,1.70178862568252,0.674134453153867,-0.320315170505197,0.894330606696914,-0.880255120983344,-2.38322577656581,-0.541100841451704,0.0221144520020372,"Baja Afectación"
1.3358285885121,-0.256318142676519,6.57732056167155,-0.616779229378026,0.189782839885644,1.12383325514941,-1.39458593919468,-0.619029781496244,0.20342886925469,-1.00555412689187,-0.67769949902947,2.42251870914605,1.28490495613549,0.488661928051635,1.09538462322968,"Baja Afectación"
0.414745864733982,-1.15076925608678,0.0403862522017877,-1.82102727679334,1.65994278623721,2.74447574020173,1.47371540440913,0.592838120023522,-2.40450374668272,-0.725352543227107,1.73588695070523,0.534157997650926,0.24326873610815,-0.561385433335472,-0.914735949485873,"Baja Afectación"
-8.84620235908949,1.29392943392553,-1.69616659782682,-2.06639617232934,-0.703919042305698,-0.533755284477129,-0.606091831020618,-0.612281104973321,-1.0444192520489,0.392036440242348,0.625424530722589,1.9812185801065,-1.33854445545204,0.0751891445398982,-1.18858515096821,"Alta Afectación"
3.57357430059733,-0.304256226988431,0.602235421335822,1.42657722598859,0.855641093213106,0.0940974172374305,-1.54303217662808,-1.3354230854487,-0.8544795976964,-0.130143708245302,-1.07727738836522,0.152704215668728,-0.580772185337991,-0.763608161921977,0.840380251098261,"Baja Afectación"
1.32893428539094,-2.5379430151325,0.441132626851385,0.787338637650533,1.56426944401642,0.766713587592632,-1.23497666644451,-0.811435439433284,0.00959273649962327,-0.067574371060753,-0.535482996699903,0.197769299700103,-1.81313908463865,-0.369214477979608,1.82202164715081,"Baja Afectación"
-2.9002437441191,2.39464276165097,-1.03658030112437,-2.19359774971732,3.77519968788707,4.81300124373114,4.48044017770897,1.08128195071122,-3.0671898767754,-0.748350325143052,-0.959545768923562,1.00781308023206,0.24800605394921,1.81205686424783,-0.0398277491708774,"Moderada Afectación"
2.20663923392447,1.11387975868011,-0.146274366745838,0.995754067883153,-0.531515716734056,1.27306527664877,1.00117101001581,0.679480332702651,-1.07585867320538,0.688951604805055,2.52496766758374,-0.920024124781322,-0.429813070585005,-0.563987696077871,0.0443507380788311,"Baja Afectación"
0.677093971574202,-1.88033892228968,-0.250915102421565,0.408544838050509,-0.424679816793659,-0.45018268539724,0.704856245008841,-2.20917091709937,0.97582128399138,-1.71317665080278,-1.16893930484402,-0.39117197839323,0.24387316911397,-1.22210491245843,0.124167170275776,"Moderada Afectación"
-7.56703001529216,0.381619195005056,-1.00370994945289,1.55415968844667,-0.456897233759927,0.519719788353224,0.61906505870282,-0.457970221231032,-1.174346491121,-0.576696322810753,0.893995071129822,1.57787431862125,-0.00156751452960015,-1.11758750150662,-1.71908657269379,"Moderada Afectación"
1.15432744710426,-0.0736761487752336,2.1310352576626,1.44966246000889,0.618780428797431,3.70102561770079,-1.14805232556254,1.12378729404718,-0.28781942331544,-0.267822475131312,-1.5928814120716,-0.944225111413175,0.953773479968157,1.25028916757614,-1.51119945452719,"Baja Afectación"
-2.38902363656345,1.16222051577155,-0.582679745024527,0.526945988175868,-0.702550197270451,2.36993081111676,0.975326760681247,0.635225066120598,1.62256869997916,-0.0549739118781844,-0.825775905356039,0.218414176478725,-2.36873698538378,-1.00827465325016,-0.569926758281536,"Moderada Afectación"
-8.02167458385986,0.657891916260027,-0.144882427733845,1.41964700863471,2.49971764280905,1.02013833798156,0.329993584276289,1.35970258824012,0.957188324067351,1.78386334456911,-1.14152144928512,0.805459720508552,2.39430365482665,1.46475284657093,2.3795041548632,"Alta Afectación"
6.02652943412525,2.47452035034884,1.09567721913775,0.738896615825712,0.373766395471454,-0.238545802125646,-1.14350341422943,-1.35566494438196,-1.0516305245888,0.843680809439035,-0.324602954421098,-1.20388732110265,-0.381747615366055,-0.979655484446914,-0.655596131614781,"Baja Afectación"
-0.792362885417362,-1.38879983798734,-0.265098577593291,0.635376575960867,-0.333390634492029,-1.03622362867913,0.508705545970716,2.18901996435425,-0.323518855091613,-2.47489310344142,-0.874215330503941,-2.63809068809904,1.33846379313692,0.775256506689379,0.019960939893864,"Moderada Afectación"
0.646818769780153,-2.0350628451825,-0.701988237902329,1.69074719209282,-1.46279154587912,-2.60650335097783,0.989712603306853,1.36921955029776,-0.0769089604782835,0.615631698597124,-0.247866362858694,0.866569614676101,-0.0786551989673242,0.317047920680695,0.0657010377646609,"Moderada Afectación"
0.899004958357876,0.058284113727904,0.402625181415046,0.524171100185446,-1.1273290202025,0.461004934559588,0.17245729242779,-1.62925754384165,-1.23247865201822,0.245371669073574,-1.5871777707775,-0.571096736373212,-1.38943994979131,-0.091581373255518,-0.0106788791106182,"Baja Afectación"
1.72483481694793,0.113247454781571,-0.908234252433886,0.198888805947447,-0.742536592270229,0.139440268878006,0.671648891069421,0.617723365061946,0.816049913723764,0.341108482043685,-1.07551112947565,-0.609567008092348,-1.15204743429142,-1.17093165472757,-0.498861878558225,"Baja Afectación"
2.90027550999062,-1.16365407340214,-1.60318755798012,-1.36571016178638,0.0567644472369363,-0.813468700396244,-1.11956652562861,1.66611989710836,0.850178686707474,-1.84433318204544,2.28535138154219,0.861394881020253,-0.264540933500589,0.63096768261078,-0.638001104917945,"Baja Afectación"
-2.10453693304239,0.385957918873786,7.6728832426756,-3.19568879642998,-1.76938166126841,-0.173900295053771,-0.12997126239978,2.75050739787045,1.32241681628727,0.23118126893988,0.458574071897164,-0.360661994390846,-0.888724090959398,-2.62435904666293,-0.665163641279282,"Moderada Afectación"
1.5911190265882,-1.39661386179732,-0.822116086613362,-0.638297042877327,-0.292756213939642,-1.7422350375981,-0.00598852528179437,-0.491682399575317,-0.666342875321599,0.464880779609199,0.0538650595406224,0.354710673659608,0.789896468507557,-0.101975222989461,0.730024891029915,"Baja Afectación"
-0.839368468951359,-1.08976581603092,-0.608728343252914,0.400683493564299,-1.55577370262241,1.39000372615561,0.293236637541457,-0.538386910060556,0.280865671416131,-0.891374743936066,0.556010020823565,0.552483426184832,-0.604533113987224,0.757307771432236,0.0778980473666676,"Moderada Afectación"
0.271924833563846,2.51752138355412,-2.70320396724681,-1.69814908648479,3.37412044520117,0.0674032779890762,-1.68807357186535,0.326732596637302,2.91886136276137,-1.91471831992932,-0.810366965793939,-0.033808897314015,0.247529899236042,-0.977681113370865,-3.30103328848774,"Baja Afectación"
-6.46865379344112,-0.611233324037164,-0.312618533623637,2.3062483134989,1.06767921993993,0.0151177617830323,0.0506235455765894,-0.0301292155104447,0.0869101685896901,-0.313274431634183,2.25908622187661,0.0534229014719876,0.619868261408564,-0.740047574268724,0.462891783593177,"Moderada Afectación"
-1.61156476975139,-0.268776825095318,0.281544306314217,1.25680199597293,1.57152178163959,1.49979922691197,0.380302831481019,0.756955869167618,-0.833657975795508,2.43329449388692,-0.571017968607993,-0.462474606010318,-1.67258269752459,-1.67620742188634,0.561362239727381,"Moderada Afectación"
-0.915412907735461,1.36902697420731,1.02881368659585,1.32253320722031,-1.78545637196441,1.62027782061848,-3.36903471564011,-0.686935130178283,0.176006552976034,-0.205297417111994,1.07290720415875,-0.159188414842109,0.209710469249142,1.44946834645422,0.399966752461385,"Moderada Afectación"
-6.33502570961364,0.876948997653445,0.343257502383174,-3.45826736109947,-1.05806285097488,-0.542169709152772,-3.27651999216006,-0.211253822908316,-0.125107418600852,0.460145356913883,-0.83473338144459,-1.13624167497734,0.0638286482292981,1.52107986237808,0.609351114832591,"Moderada Afectación"
-9.65302575176535,2.53170774350307,0.316443997383256,1.03609682185443,1.42257021304776,-0.291770317985408,-0.53998740933946,0.537626459356501,1.5806686786865,-0.579200020822927,0.122051937042114,-1.02903511372013,0.523314212627078,0.512564337660551,-0.160074945482919,"Alta Afectación"
6.838975505762,2.73817516095504,0.161806694137512,2.03252601729179,1.02776630851596,-2.28027956227631,0.448572423202585,0.276267688866979,-1.07312974358776,-0.54597672899624,0.326890916576367,0.626836564951698,-0.20357717569883,0.410772770358467,-0.318338166239095,"Baja Afectación"
-7.02868039058208,5.16514760282702,-0.367876123900335,2.06560257399186,0.553633461887305,-1.09119611423512,-0.633953692109561,-2.13793042418696,-1.32639027405646,1.99036961031564,-0.150095688988135,1.63812825441038,0.647769311999394,-0.866214503313799,-0.223847827035173,"Moderada Afectación"
1.9517954202589,-3.1476367895493,0.256789275199263,0.137389855109789,1.63974144960595,1.91235443682617,0.0556517686997658,-0.444967499602633,-0.35289282883461,-2.11552835649494,0.555366382610617,1.26235376641694,0.292793691349036,1.04156515595966,0.0756437087003292,"Baja Afectación"
4.05256424856848,0.383007850864378,0.0106388293832982,1.07043837406401,0.909811090082162,-1.27797924840236,-0.622028884862918,-1.52048189499293,-0.579936668906372,-0.439967028560651,-0.551365175022102,-0.123582505712917,0.72036229840645,-1.26348080556201,0.633343629751045,"Baja Afectación"
1.24170302691577,0.127132407097498,-0.114550131121409,0.504760787511276,-0.245246828398562,0.858426804143391,0.691682914794617,0.78944532516903,0.185888758971408,2.38449305607157,-0.669033599989388,0.578520676350781,-0.184385872808644,0.194057308526526,1.55415126342845,"Baja Afectación"
3.5343082587811,2.605952148511,-0.47474334426507,1.47871466438389,0.279757349813528,-1.54483785543045,0.0282369177963416,-0.325356984647676,0.588503724833321,1.3935649994922,1.03980395376095,0.867623608739902,0.835983262324007,0.688362833417171,-0.550721347820105,"Baja Afectación"
2.1903640117355,1.29231125454184,-0.51018371825153,0.329654154413762,-0.825010463274305,1.43364436030231,0.545259499864947,-1.44702777327071,1.19530563389968,-0.631725469483465,0.109302988371451,-0.815522607404977,0.8929716011771,-0.848667448577643,-0.0495432455068669,"Baja Afectación"
1.79923343506137,-0.61290004892147,-0.0922735059444368,1.75193906378671,0.232412323562068,-0.150599912530915,0.49038781138073,0.779192443413041,0.126470190235858,-1.18417875307511,-0.0487304380533965,-0.0661025250608176,-1.66593854819902,0.249232255545448,0.840144608500486,"Baja Afectación"
-9.35343758623749,0.36415948929195,-0.047153807679599,-0.6858546655484,0.94295385682945,-1.7580551329791,-1.83274092242582,-0.201384713555347,-1.12926735432679,-0.801390541810449,-0.881372327583676,-1.30207772106488,-1.44335979254563,1.39944791310101,0.333040896005178,"Alta Afectación"
-2.5258838337195,-0.809184248812576,-0.70159491643257,-0.665739247591635,-3.28129377885778,0.148796129718604,0.479242070765661,0.307320708963881,-1.08402349189168,-0.126901827969463,-0.174907502005841,0.157783275858125,-0.843270393882355,-0.323396353653149,0.850870435674745,"Moderada Afectación"
-1.39313659829968,-1.64989993337118,-0.669378109979264,0.888540953988605,-1.35198828822346,-1.05658744593714,-0.22661063938208,-0.432077973842912,-0.350116323664125,-0.851038745162326,-0.134603496929012,-0.0581416200815919,-0.0380522844914164,-2.2322969297786,0.642083660565895,"Moderada Afectación"
-0.991895950218655,-2.76171536505663,-0.501426989305977,-0.537037403999072,0.267483879180674,-0.138441420173561,0.449821315080196,0.220125606372123,0.110597398171084,0.0615170716360534,0.334624645873857,0.705523643356744,-1.83946894525794,-0.890324025719849,2.17069093508967,"Moderada Afectación"
1.30233954898915,1.07607924954999,-0.195352365811798,0.00228109106469159,-1.21932620689153,-0.11828740757905,-0.682390264153532,-0.652011883003405,-1.03133045451638,1.09535442205112,-1.71339121388479,1.16690765193094,-1.70489602121594,1.24216255957503,-1.0325153483878,"Baja Afectación"
3.71412508193273,0.631291393219028,-0.521084253191008,1.88634533656103,0.133628322263877,0.404457183765893,0.852447490113828,1.19510606073291,2.39063418511672,-0.837057664653156,-0.766091568757772,0.662870989659225,0.443115896315722,-0.00224955532844864,1.05279884105699,"Baja Afectación"
-1.37821803702208,6.01292233052197,4.48376704703729,-2.07455615276157,0.522425895749917,-1.05821586701213,4.62469936277107,-3.46882714677908,3.14982266423415,-2.21595072834588,1.90290895453641,-1.61075788039,-0.364017321976832,1.0221754520382,0.71275485412235,"Baja Afectación"
-2.9574179788731,3.3898176551541,-1.09698045296591,0.945058431638234,-1.7110747085319,0.87046113389851,0.0406972496860685,-2.14341079787405,0.0221811225878633,-1.50158970081432,0.527547120301228,0.900322839028351,0.79440571137733,-0.313635269813333,-0.69779816905308,"Moderada Afectación"
0.298706440708916,1.0126095239627,0.703931755381513,-0.155988899932103,-0.794620979770319,0.0820305481962612,-1.09266785046906,-1.92547049669285,-2.61694145971441,0.748778977651856,0.31437041367333,0.25740926109784,-1.0934193109566,0.153363299077735,-0.819419390143426,"Baja Afectación"
-2.17948138821336,-0.50425011399976,-0.318050586818722,0.164309198026477,-0.566745167985224,0.958461594265619,0.00865701595077227,-1.87287180610713,-0.146480238583656,-1.04374966164354,0.634074455445664,-0.0422776075276085,-0.681119802865929,0.473044726656799,0.436841365122405,"Moderada Afectación"
-0.860234987743238,-3.09305584988548,-1.45080419893877,1.47514540132395,-2.48436448883289,-0.533481897711657,-0.236580963025791,2.57567121200373,0.401312289122954,-1.81225766680391,2.07958436024556,1.11635857267917,1.3025807488764,0.137492848606904,-0.438908797814854,"Moderada Afectación"
-0.883401323091145,-3.45535852914528,-0.640349633753319,0.467798460891207,1.3858120206463,0.312716560376874,1.58658047041006,-1.22920907389472,-0.397070774050132,-0.26682512205104,1.48029516292777,1.06250284863318,0.861767387773777,-0.352305364180781,1.0075725938569,"Moderada Afectación"
2.40306167302602,0.596552935667897,-3.19770537917742,-3.97785569041584,-1.39387533577981,-0.149038504158937,-0.637743350125161,2.38536085540284,1.0362761053135,0.967629216715124,1.06473369351133,0.545237227226238,2.34367726152324,0.749758382882915,0.156321325184476,"Baja Afectación"
-4.9440386012947,-3.28980055850415,0.139541174280592,0.9849396021658,1.34064782837539,0.194573112945305,-0.325318523307184,-0.895189605935249,-0.463951094477317,2.46480540889992,0.213660782247531,0.290272167705895,0.504711825013507,-0.732165655037288,0.704242250324608,"Moderada Afectación"
5.95400234313258,2.03279923097019,-0.370635349626249,1.02029718705156,-0.458583223228367,-1.43996436113333,1.48165524098853,0.44555914461377,0.00738637777933337,0.754868123380807,0.833731034609892,-0.0340173240802707,1.03996642264151,0.87529497549583,-0.211334646218595,"Baja Afectación"
2.32972718788287,0.158753076696287,-1.98639781680854,-4.25734168741231,-0.630948924776458,-0.111831544232554,-0.760267204343532,-0.962295103599655,-0.394710776932937,-0.937574486634109,-0.147237688755761,-1.01882078084652,1.26370178334998,-1.73397574084901,0.0295893602862865,"Baja Afectación"
-0.737185341154786,1.02010012492998,-1.79246815669669,-0.288850437734081,-2.82960469950348,0.0695103542051877,2.52231770932805,0.78274073863984,0.165514500157587,-0.220025836361646,-2.99973640005674,-0.310798222030826,0.527779910334057,-1.75646890426638,0.396852098928232,"Moderada Afectación"
3.46032597504167,-0.310243496947405,-1.34041573144006,-3.09458255018138,0.247479226416155,-0.368350803104961,0.300729013933367,-1.52566619043781,0.514891173105546,0.760475373587053,-0.321797583624683,0.308531460148591,1.74624161723197,0.226515956334665,0.0898223931102553,"Baja Afectación"
4.99983831505927,0.184153069997188,-0.391160066029499,1.91817556409767,1.4766940483467,-0.040683658192911,-0.0269769200883475,1.068090058944,0.877353995275123,-0.492855909859392,0.729290388355355,0.622473641502222,-0.599601121345184,0.641503041058022,0.785802516643071,"Baja Afectación"
1.86800858996812,-2.58820700636786,-0.450475235331806,0.577499528890621,0.0957761225172354,2.43641666339537,0.428217873488656,0.295335816060715,0.315384283236788,-0.228616140116219,0.0341745774784525,-2.06013372953595,0.749940703212397,0.338730422222041,0.430934806387404,"Baja Afectación"
-0.330276192614226,1.84036508979028,-1.3768223642897,-3.2838683636599,-0.549843527110553,0.301597724604383,-1.21716013705161,-0.384660740967678,0.853583800999772,1.49782070543362,0.101617769285886,-0.394394454703433,-0.796679278036065,0.620604160776022,-0.72449841132755,"Baja Afectación"
